site,avgfracsurvive,maxfracsurvive
162,0.36142443534076074,2.800619532778091
372,0.358211780167704,2.309550272242766
242,0.28328647896115966,2.9633744684716943
139,0.27014111675773317,2.740650068343249
222,0.2633838619435531,2.1366417416562316
123,0.2578712539329187,2.670519217482398
183,0.25004595888649694,2.954447782486427
243,0.24292894846900195,2.603262838946823
146,0.22348300380035976,1.460469772531684
153,0.22081226891716058,2.1411585139397937
212,0.21887144710563367,3.8219146301331444
75,0.21271579365624793,3.134318069405712
230,0.2121026646522203,2.56366346916388
170,0.2116894412365653,3.902185894012577
120,0.2066355813297472,1.141251226096799
456,0.20629933323072072,1.63331610931725
83,0.2062605475276642,1.0316345880386277
423,0.2062123651294537,2.5385872035916615
231,0.20236624118892402,1.829819440589416
207,0.19936542135798807,1.329388837764726
96,0.19770290856977663,2.685725970519048
448,0.19700665715691212,1.5956335656261282
208,0.19673804967138886,1.4956190279562278
140,0.1921538071453367,0.7408218711041492
304,0.19106111998584455,1.3698148820850269
344,0.18905440995565348,0.9992861336856937
185,0.18881829028687866,0.9744123933738598
460,0.1872363561288833,2.443451713735225
95,0.1863530232036319,2.0205
195,0.18583521504254708,1.057439713295101
112,0.17829713401233688,0.8394459999483972
477,0.17803842941189216,1.4504373625767537
323,0.17717098808175868,1.75935011133632
351,0.17514970344141506,0.8681429493096602
378,0.17324228425206142,3.178718392005867
237,0.17294624665783162,1.0512327366950227
273,0.17198005165177138,0.8532326266863739
61,0.17181290890662246,1.4907645697383065
419,0.17123865857727377,1.6306880621587154
403,0.16926277664983103,0.7858850393545127
55,0.16802826410285868,1.1684119904551518
227,0.16784638890100897,1.8123119753486419
321,0.1677527134236403,1.4577854352641386
394,0.16752086641418829,1.505439263402329
375,0.16616760666432126,1.1568506865479125
138,0.1655579428130359,1.2701114170487144
35,0.16515368788962617,2.0585891240688055
257,0.16277201568344368,1.5363459933991093
290,0.16245932026582438,1.2475040182607693
196,0.16007398455650262,1.354274905722528
440,0.1565517102217658,2.46872240039177
490,0.1555407812571574,0.7471013693880133
17,0.15547255877294433,1.0840532287916724
143,0.15451062315338449,2.709871227546662
342,0.15356695961463723,2.2398977183039905
49,0.1523607671918802,0.8082
147,0.15155332182138948,1.0006643224849323
244,0.1508758014605729,1.301761122701987
335,0.15026277374099137,1.1349007453086108
97,0.14952851593836364,1.4416435702528292
463,0.14818588733142404,1.101329304387821
370,0.14776899991573914,1.447996065856939
366,0.14678544378913996,0.6358459488369217
232,0.14669603435471215,0.9569924221122665
468,0.1466475227447506,1.5718887099561953
211,0.14621270193385597,2.441495181515692
51,0.14581422803971028,1.4249934069021266
66,0.1443883359605595,1.1972674647364927
238,0.14351216607823727,0.892294800052998
346,0.14102698253156787,1.1390803065352162
71,0.14064102777486792,0.9216759105684642
180,0.13968109280083743,1.5623962923630945
127,0.1393457232934749,2.300194858698802
298,0.1388829154888022,1.5146103576533114
7,0.13688876523932367,0.6131710790412666
23,0.13539387324714225,1.1031991335002673
500,0.13432689158179678,0.7591966510266901
54,0.13414233288644672,1.4933745177446347
38,0.13405305126436015,0.9429000000000005
149,0.13398904667584235,0.7005630329775796
172,0.13359587565673817,1.6897342204051984
276,0.13354633774243405,1.330789743059008
301,0.13346544226580595,0.7997414459491616
160,0.13271892102533786,0.9431499713626206
46,0.13256450710137774,1.218390934355835
462,0.1310620944199107,0.8225220238744564
317,0.12939646773221358,1.0017561837824271
302,0.12889875676365958,2.2633234794855603
68,0.12824104956319574,0.7643916439360507
427,0.12794906624936703,0.7757412051927557
455,0.12746467385806906,0.6679811446256527
259,0.12674333819944725,1.0418333411488192
20,0.12653573005713875,0.9928412622624401
374,0.12618501741811572,1.3184664944684277
166,0.12584316775903065,0.5143187067594761
307,0.12533628794587112,1.224304049211636
277,0.12525763334360052,1.6002070834143465
132,0.12522724236651844,1.1287316270105474
159,0.12489928202301277,1.013943049659647
496,0.12477853339543384,1.1337396535120647
165,0.12388107695363561,0.7942152981114254
461,0.12357320322616643,1.0524860864301868
315,0.12309980357355838,1.1127278836603698
82,0.12290997232012942,1.3973848988389064
395,0.12174528332029591,0.6677720215375664
481,0.12145390287591767,0.7385462193942662
306,0.12124003250554756,0.8977714731590432
447,0.12111634359635545,0.9623123929687296
272,0.120792654761784,1.6075389365005777
485,0.12026175791022935,1.3167002650838258
310,0.11950364501242537,0.5252573852385669
469,0.11911635226855836,1.4017611160657546
84,0.11911303608164682,0.8469216663292314
233,0.11904132294502434,1.704212194380305
234,0.11900329978347042,0.6646606309110212
446,0.11825720978690113,0.9005882040720357
85,0.11759772102380843,0.8429032364511468
113,0.11720097591953903,0.6371829311248192
454,0.11692692709713513,1.0145669213112396
479,0.11692336574594245,0.8724442764655773
309,0.11689811227583204,0.7738875216565213
286,0.11681579578080784,0.5286825713671919
203,0.11646260412121234,1.5789545595073695
148,0.11640556513036042,0.7084126489409195
386,0.1155926701992982,0.775193252717731
226,0.1145972180234748,0.6648292542097398
70,0.114562460450041,1.768805673339273
114,0.11433455147944727,1.9746480463280427
241,0.11412999296679044,0.9731649668450768
360,0.113768188023415,1.097828978540409
4,0.11344914728693305,1.469682077873365
466,0.11325242154568041,0.9734410967368332
164,0.11291710760739603,0.49054581785183204
228,0.11291423057737042,1.4960806587241675
493,0.1118368523578827,0.8789827806384605
126,0.11113795083449622,0.5141628965445555
48,0.11098991250937691,1.035910013680938
256,0.1105512898650747,0.7958023781217007
278,0.11005121047853259,0.8922187118568667
229,0.10993780253810659,0.5830008343960162
353,0.10991782173369553,0.6147938778673077
128,0.10860107239472754,1.167318542774259
313,0.10596283911120427,0.6675975726400452
154,0.10465632679610003,0.8511685848059132
388,0.10306538987288606,0.6786680285929796
443,0.1022996048235266,0.49871686180112285
99,0.10225351221719046,1.3327226749335697
365,0.10151933327261597,1.7719581601462033
282,0.10145582412470147,1.0476354662575915
303,0.09999158638305797,1.0016125837536993
316,0.0998212543881369,0.6469942318299415
58,0.09935663209249711,0.5903661736249766
89,0.09891424486215519,1.28385961132437
47,0.09891358730034737,0.6735
8,0.09889170344642337,1.3582265031470706
314,0.09865783388931908,0.8755918703144767
144,0.09860947772355706,0.7716837973251824
380,0.09834601333549213,1.6925304435788917
77,0.09820664998540249,0.8463471712246287
472,0.09680906455650383,1.7166937326215768
224,0.094273892686048,1.7912039610349104
176,0.09419802380240322,0.7562435278333173
235,0.09405177125827918,0.6577976829663574
399,0.09385769493368143,0.5131997851140164
358,0.09293939321523717,0.8912529928402984
487,0.09285230721136581,0.57257681255404
331,0.09265376630249558,0.7995538119812715
255,0.09208269073564442,1.058498967022585
480,0.09162812525800663,1.0157665909204143
173,0.09145820986523076,1.2571700147679818
67,0.09127705989423507,0.8230276851581932
437,0.09112442613450347,1.3472014162916526
218,0.09102834926217607,1.219760176569464
187,0.09083062367446584,0.4704023037209346
488,0.09055425362774967,0.6096457145556751
152,0.09047574854778254,0.5874126795976153
79,0.09032269421541743,1.2123000000000002
59,0.09026738539116601,1.0331673853911656
219,0.08919781300286839,0.6647334619965937
213,0.08893877266646527,1.329329083337362
367,0.08864651953862542,1.1995754760167545
29,0.08861182480334906,0.681928215366594
368,0.08799720166902798,0.7138289597769711
191,0.08799647995857315,0.5140636800983633
429,0.08784632174420348,1.2951338797825158
415,0.08779051343759138,1.2447354292208563
199,0.08775459880255686,0.5791911176725371
158,0.08775344450882959,0.7573552817151838
240,0.0872865558422397,0.5535499017589804
439,0.08714843992861245,0.7308730623994408
188,0.08667397329593189,1.3374131939807887
402,0.08652098004235835,1.5113284043242239
81,0.08624105809009727,0.48139419783308535
385,0.08533129348706513,0.9996752725012508
457,0.08507346237325267,0.587834754142468
52,0.0850193544196796,1.2122999999999997
322,0.08461537925648237,1.2437420464686562
2,0.08430012579284638,0.6503594362147305
341,0.08415847822924097,1.0016019041756994
239,0.08398220816244265,1.462690125495876
27,0.08391412943960934,0.4448805729523413
486,0.08359111981621166,0.38949449650106827
451,0.08339268959468962,0.6673900924334741
36,0.08323624492457005,0.705233179734114
369,0.0828954271127599,0.48522646322021123
193,0.08273496944920948,0.5248462323084455
19,0.08253730334775805,0.623919413497088
184,0.08212756310243013,0.973684100329997
280,0.08205984457603417,0.46926945538927645
285,0.08151025467902288,0.4828012641883186
379,0.08147836288756014,0.6166340103761156
426,0.08139465461370363,0.8502705859415214
483,0.08121505607699535,0.5864831584137862
94,0.08108088507687285,0.54469579515446
297,0.08086693175882291,0.930546899853302
136,0.08085202738932319,0.5583000468196682
391,0.08079442452567527,0.3571942591221753
30,0.08055064597676509,0.7285465516085117
134,0.08001156601742833,0.7706967930060891
200,0.07922239601819818,0.5876678074045101
320,0.07920216258003876,0.9912766113233364
458,0.07878851939182073,0.6986596079459471
3,0.07815989794573483,1.4850380609689602
333,0.07805237473521719,1.00788948010473
407,0.07773200009348977,0.8747204873611991
246,0.07769113099020812,0.8792153043330648
179,0.07763486920078233,0.5129399346282135
73,0.07746638456054301,0.6611483872615087
377,0.07711480386536841,1.0753581592603172
424,0.07699691813136296,0.8256616991019958
482,0.07606671526505045,0.7595029146217414
484,0.0755307773002053,0.7862484381532295
34,0.07537376695525193,0.7644030637667965
268,0.07516873344076876,0.689034965134472
251,0.07487828811701076,0.44143467195533126
151,0.07458618895198177,0.42653321275441547
412,0.0744972852138395,0.9494995390154857
373,0.07447271192156005,0.7791999324426802
362,0.07419401412850336,1.2394324320353094
436,0.07417595242781502,0.9751052060778238
65,0.07360800756232978,1.343406725889081
201,0.07329186320910741,0.5024024337732198
305,0.07302483336894004,0.9423790898946458
343,0.07301300553723271,1.0549750952402643
181,0.07254755742947853,0.6427458905550762
104,0.07252860553292262,0.8996013832529768
131,0.07123976135803824,0.49970585607041884
214,0.07117879277123275,0.5213025088617274
311,0.07071068042804834,0.5736810106600003
189,0.07040624275766802,1.0744515571924766
428,0.07026560159640416,1.3350464303316791
361,0.06970682558620037,0.4399105542443167
334,0.06960066955486718,1.3224127215424766
266,0.06948910324005239,1.0567373013567203
254,0.06912195552449715,0.6569248057313901
371,0.06889568821714738,0.5574701948960861
389,0.06869994203246434,1.023672522551101
105,0.06827086663297026,0.6804644623980114
283,0.06817302163258514,0.4997248731423438
12,0.06772898798672614,0.4950777585997326
422,0.0674610735270897,0.6817216146113481
150,0.06708894448461229,0.3350125735404954
39,0.06659556771882033,0.9428999999999998
253,0.0665624014537108,0.4947990912848452
216,0.0657652783529769,0.5867410550400958
215,0.06538097607570097,0.8246330192300877
24,0.06529181400409753,0.5670444660778533
352,0.06485291920891456,0.6295596200785614
88,0.06479263886528651,0.4040999999999999
92,0.0643073431163352,0.49501299982954894
98,0.06395911683230028,1.1243281016662725
93,0.06348742142143422,0.7937724031677309
168,0.06338742836804012,0.6762139205166182
405,0.06306353139349379,0.7114168641779635
338,0.06276587460379918,0.7108100622244891
275,0.06229103422563666,0.3359135313003152
396,0.061868427647850104,0.4429779903812481
182,0.061849546504895325,0.997072711789522
177,0.06180870021634964,0.917288005978915
100,0.06164718229767232,0.6082829533656688
387,0.06138328450656641,0.9503682531557434
221,0.06129322960688225,0.4853072737620088
236,0.06016129215802727,0.9119292393785057
118,0.060102577303570874,0.5421942764222871
22,0.05994043974751673,1.1056415382637732
327,0.0597565069912184,0.8747774063549767
57,0.059632144993196266,1.1233262494228007
137,0.05950224174236388,0.6750301796235563
400,0.058951397046252366,0.9308109928062089
205,0.0587964337412005,0.5999836663775462
90,0.058286315847858546,0.8082
155,0.05782301143403882,0.4841443235428118
194,0.057773807307429544,0.38556411370459087
248,0.05723529542074094,0.6630689091994151
339,0.05710166527055883,0.7814146378472941
262,0.05640427154583102,0.6050313509081218
464,0.056078279361152165,0.3338546019230144
397,0.05604060351624714,0.24151313155404575
296,0.05593033530469649,0.9682810338288088
171,0.05592550910785956,0.45275285688935085
261,0.05562674947713031,0.5237047827487342
157,0.05504372745114758,0.4236531522698963
106,0.05463540298626351,0.3856030050956336
473,0.05456042162255896,0.5992063569746751
409,0.05441448640940593,0.3734589465553144
284,0.05434539868117685,0.5022571851463762
398,0.0542573670823835,0.4461650764341605
497,0.05418275028628912,1.0002720441316952
64,0.053994112867169916,0.45053535014440316
31,0.05398402817932991,0.5368037366035767
393,0.05394938430413705,0.7417584796223833
197,0.05362982084228668,0.5329800047631172
300,0.05333233278794237,0.6636460555101862
250,0.05237059494861299,0.47290019160039254
122,0.05140102376467243,0.30333371448995805
69,0.051328924835803626,0.29883458283909503
471,0.05117931856587105,0.8221411716071012
260,0.051143491974425616,0.5950925684731756
430,0.050944332258069276,0.5613740730115815
265,0.04986926024379055,0.4153634602452496
291,0.04952642375256268,0.5075484682621292
459,0.049144610874024934,0.476789494560945
475,0.0489722411148784,0.6814125640915971
124,0.04891483841203551,0.30957628714159935
470,0.048752217160880164,0.4057410966964736
281,0.04785139903238832,0.3312232826650301
117,0.047725314810304516,0.37468544955332983
289,0.04768631367154223,0.7980579894009279
186,0.04764936350604115,0.7934319385460198
295,0.047541376999274416,0.46151468128095186
16,0.047539648964868335,0.4140135455127274
80,0.04723821350803773,0.4040999999999999
264,0.047158939794241975,0.8960198560905959
312,0.04699746847329251,0.7282955107787139
247,0.04689499427366134,0.4931392303294768
223,0.046609734088100326,0.5252244543093576
50,0.046197855251308206,0.5857819979860408
345,0.04613313908901468,0.7636529714446392
364,0.04609371911234504,0.31951382879743795
431,0.04585496505063527,0.37363220420058796
72,0.04581277812960445,0.4509541900956633
319,0.045456723413906566,0.7865906524312545
25,0.04528657701331206,0.5858918336869963
175,0.04508754237257682,0.8566633050789596
142,0.044968724553188066,0.4962934250058919
417,0.04476813641663723,0.37005179036918245
274,0.04401399436732849,0.5317951201421676
413,0.04349735463869784,0.6255067398041612
376,0.04334685826769153,0.7352578661436009
489,0.04241755210762385,0.25616979272718376
74,0.04168159938134812,0.3732785883401708
494,0.041407883131223656,0.2490869236645451
445,0.04119385144647827,0.38224178624674576
349,0.041037957866543,0.44513357725028024
198,0.04100017643658555,0.6503948408221498
401,0.04098257844235447,0.4709038374093062
293,0.04094383796732787,0.349661813190304
44,0.04094367820450823,0.45856758279668863
156,0.04040856814546602,0.33374505935983745
348,0.038980702349099665,0.38062324634315337
503,0.03881218881623816,0.5383444372156458
476,0.03868964686997096,0.6667988868270252
45,0.038571314574736594,0.5388000000000002
332,0.03825806448941772,0.667616196345699
467,0.03783682294573927,0.34137199192911805
355,0.03757593273119264,0.3088746461648856
329,0.03755286592697069,0.436279434807894
15,0.037059026228244696,0.3568480448747149
308,0.03653304318688129,0.34414278519316377
210,0.03639478295847336,0.3988330267915612
337,0.03614213147842658,0.2814418011241706
502,0.03595184337400483,0.43389743182422413
202,0.035819446255645614,0.4589636297951234
101,0.035678345548626,0.2694000000000001
161,0.03541227520730592,0.1585168365729811
111,0.03534560170968678,0.5519616543427448
501,0.035279212807527084,0.3981363964014668
163,0.03521134046276414,0.15546268036803412
135,0.03511807623728572,0.4705819427929978
125,0.034589787493839536,0.33384337867023595
350,0.03445299180157705,0.17841032449603933
62,0.03437042698366924,0.22977361661730145
425,0.034367872981578416,0.30032890395020373
37,0.03411244054421,0.4425140300961039
116,0.03383853155801743,0.2717008060518239
354,0.03375157936372081,0.23793819978548725
129,0.033730159519170154,0.2556278440912113
330,0.03351208064371164,0.28210771719335637
5,0.03349274944306509,0.6363622394182367
174,0.03289146766407991,0.5247752430365522
14,0.03284178470061615,0.4232645447057557
11,0.03281024409239047,0.5325924996152362
63,0.03267977698320225,0.32505627628779943
33,0.03242050071934684,0.3423737266573865
444,0.03239464524770259,0.49847688465339957
288,0.032161971001599884,0.34519433923138365
115,0.031934157997688825,0.6067490019560862
392,0.0314337274262513,0.28654689739006844
478,0.03092732074828941,0.2491796463338649
299,0.030255139753520777,0.37797845272135056
410,0.030005101847527617,0.5293293887619865
56,0.02998540776818262,0.24928514103345156
220,0.02977611303058052,0.548555018907048
252,0.029520557947818306,0.24316286771641915
381,0.02889799685761374,0.23994242830807622
32,0.028357894736842096,0.4040999999999999
435,0.028204086289375915,0.20121304523892125
18,0.027975838491710984,0.20827824556619912
340,0.0276615050866179,0.4975588652436085
336,0.027504805207183184,0.35656828011364206
420,0.027281497984507262,0.518348461705638
217,0.02686200202725526,0.26617108955830704
404,0.026730889235491613,0.28590596557514547
110,0.026671918937934653,0.3579596021625271
28,0.026353312400705847,0.28392979219541925
21,0.025833664059163482,0.4040999999999999
356,0.025467700438352114,0.4838863083286902
449,0.025380651211092925,0.3240615542951779
190,0.02509697131183047,0.3122616669924043
87,0.024956436191297053,0.26538175039545775
206,0.024941148169149916,0.4738818152138484
40,0.024568363312897776,0.45518682818416756
453,0.024280432509003632,0.3929497539662321
347,0.023995796280353292,0.17400549806776078
495,0.023840143284775666,0.13662103900928912
328,0.023792970118747026,0.2651985916001043
287,0.02220389271630107,0.42187396160971913
406,0.022004273565021243,0.2491013357303723
130,0.021921137400066543,0.20185793059909685
326,0.021885669919556153,0.3132601556055319
43,0.021833379858981115,0.4148342173206412
491,0.021716536365694858,0.16347893585188367
414,0.021047734443633778,0.22258893651050982
474,0.020967380676403954,0.3030034885677835
119,0.02030256136189985,0.38574866587609713
465,0.02008946400886924,0.23178221247674213
192,0.019730570741525483,0.16327604749061997
416,0.019628974222829474,0.18597096631799004
10,0.01947577601175473,0.17886096059413403
1,0.01851057919468178,0.148756751928121
86,0.018341004429411344,0.17928338581666214
91,0.018277571930728286,0.19044876893185303
294,0.018173580590338585,0.3452980312164331
267,0.018007906636426384,0.25360122028551335
279,0.017937811675898533,0.19307327627065096
432,0.016810408631194675,0.2569956234378199
434,0.016483601835192607,0.1247071476874706
42,0.016371909123046178,0.31106627333787606
292,0.01629285394166779,0.11599496418738808
408,0.015841596984457983,0.3009903427047017
109,0.015102677666933932,0.15842765258340408
421,0.014998042775519485,0.23725555359763228
324,0.01480849766767211,0.2813614556857701
13,0.014518183720914665,0.13469999999999982
133,0.01441544722658409,0.1453951902951277
499,0.014303594868543717,0.12229730177361375
178,0.014116029073849146,0.1472434385832665
41,0.013827310669488817,0.13469999999999993
383,0.01373900330944501,0.2226844354525177
209,0.0136102970287813,0.2585956435468447
390,0.012086006070750529,0.20521193622944667
442,0.011789949504740748,0.15681832997116352
498,0.011040628515712735,0.12464219502271612
225,0.010112668107968327,0.10394006126061439
318,0.010013864532672343,0.19026342612077274
107,0.009692683108885497,0.18416097906882445
60,0.009546440839380096,0.18138237594822182
382,0.009405431401254627,0.17870319662383793
270,0.00918503053986733,0.08760440156474514
249,0.00886854064345176,0.13288083105217052
418,0.00859862594272332,0.1633738929117431
169,0.008235312749230705,0.15647094223538338
263,0.007800809835957756,0.14821538688319735
78,0.007421895729163402,0.14101601885410464
76,0.007320290538100962,0.11917160165290608
271,0.007008250181447263,0.13315675344749633
204,0.00699496768886236,0.13290438608838484
438,0.006842255384204536,0.12451813816431878
433,0.006793273298724484,0.1290721926757652
141,0.0067229814450104316,0.12773664745519642
325,0.006606314539987454,0.12551997625976163
121,0.006538593956885877,0.12423328518083165
258,0.006296630714297132,0.11963598357164551
53,0.006134441696513104,0.11655439223374897
357,0.006061086248567978,0.09869475787848259
269,0.0057941190918032095,0.11008826274426098
411,0.005167690577068989,0.09532050296131067
108,0.0046015803124776515,0.0576198910698158
102,0.004485715419194537,0.0852285929646962
6,0.003687091844095658,0.0700547450378175
363,0.002342730656355187,0.044511882470748554
359,0.001461373695704631,0.02776610021838799
384,0.00039045567831277444,0.0074186578879427145
9,0.00016614683640984348,0.0031567898917870263
450,8.180590707764311e-17,1.1102230246251565e-16
452,7.596262800066861e-17,1.1102230246251565e-16
167,7.596262800066861e-17,1.1102230246251565e-16
26,0.0,0.0
441,0.0,0.0
245,0.0,0.0
492,0.0,0.0
103,0.0,0.0
145,0.0,0.0
504,0.0,0.0
