mutation,category,DMS_foldchange,DMS_muteffect,transfection_IU,transfection_IU_SD,day_1,day_1_SD,day_2,day_2_SD,day_3,day_3_SD,day_4,day_4_SD
T194R,unexpectedly favorable,8.32,2.118578781,1.06E+07,1.04E+06,469.5,70.5886,291850,91236.08,2.05E+07,6864600,1.06E+08,3.00E+07
P354R,unexpectedly favorable,6.65,1.895338076,6.00E+06,1.33E+06,410.75,106.5273,243000,39469.4,4.21E+07,4316731,2.28E+08,4.07E+07
S403I,unexpectedly favorable,4.92,1.593312411,7.45E+06,1.80E+06,438.5,75.24239,272000,51667.2,2.30E+07,6453256,9.19E+07,2.47E+07
G29L,unexpectedly favorable,3.24,1.175854566,2.16E+07,2.40E+06,734,70.11894,460250,60824.03,2.16E+08,5.78E+07,3.88E+08,1.27E+08
K443M,unexpectedly favorable,2.84,1.043847916,1.88E+07,1.95E+06,370.25,136.5567,288000,81073.02,5.61E+07,1.50E+07,2.20E+08,4.70E+07
Q447C,unexpectedly favorable,2.14,0.761680307,1.36E+07,3.65E+06,534.4,59.36042,348400,35682.77,3.37E+07,4073746,1.22E+08,1.40E+07
K118R,antibody selected,1.95,0.670149177,7.38E+06,7.44E+05,411.75,151.7796,393250,212239.4,4.44E+07,8151636,2.10E+08,3.84E+07
T335E,antibody selected,1.11,0.108185868,8.85E+06,2.73E+06,300.7,120.3183,210500,49500,3.98E+07,1.10E+07,3.97E+08,8.09E+07
ntA1552T,positive control,1.00,0,8.87E+06,1.38E+06,655.25,102.4121,393500,48813.42,5.73E+07,1.68E+07,2.14E+08,5.45E+07
ntT1546C,positive control,1.00,0,8.10E+06,1.36E+06,598.25,164.5622,367500,53035.37,6.05E+07,1.69E+07,2.35E+08,2.73E+07
wild type,positive control,1.00,0,7.46E+06,1.83E+06,605.375,88.82787,396250,94795.79,5.48E+07,8308817,2.48E+08,2.58E+07
G106A,unexpectedly favorable,0.98,-0.02165745,6.00E+06,1.92E+06,908.3333,144.0245,362833.3,56914.8,7.98E+07,2.91E+07,1.75E+08,3.33E+07
G29A,unexpectedly favorable,0.91,-0.092885,1.33E+07,3.97E+06,827.5,159.7756,435500,191050.4,7.74E+07,1.35E+07,2.75E+08,1.41E+07
A333T,antibody selected,0.59,-0.524696415,3.93E+06,5.67E+05,561,167.2613,250750,54028.35,3.68E+07,8859740,2.11E+08,8.03E+07
V437A,unexpectedly unfavorable,0.20,-1.600530199,1.11E+07,5.08E+06,770.5,61.37521,488250,187764.2,1.02E+08,3.22E+07,2.50E+08,5.54E+07
V169I,unexpectedly unfavorable,0.19,-1.636967945,1.48E+07,2.00E+06,739,100.2081,889250,260096.6,8.04E+07,2.66E+07,2.02E+08,3.71E+07
D67A,antibody selected,0.18,-1.694004772,3.82E+06,6.86E+05,254.7,64.11804,85225,28197.29,3815000,306063.7,6.59E+07,1.29E+07
K443V,unfavorable,0.18,-1.697011966,5.58E+06,2.51E+06,30.465,8.761881,40500,8908.329,1.12E+07,3803581,1.63E+07,3583854
T487M,unexpectedly unfavorable,0.16,-1.806455069,1.14E+07,1.54E+06,368.25,83.32004,272250,64090.27,4.43E+07,1.92E+07,2.28E+08,4.07E+07
F285S,unexpectedly unfavorable,0.15,-1.929159375,3.83E+06,7.78E+05,541.25,57.7601,20075,1425,3547500,291615.5,5.36E+07,1.66E+07
K443C,unfavorable,0.10,-2.307547968,5.68E+06,8.83E+05,50.6,13.50265,85425,27866.54,9212500,5864039,2.55E+07,4913311
Q447D,unfavorable,0.08,-2.57637382,1.96E+04,5.67E+03,75.65,41.48334,3837.5,950.4505,3432500,472500,6657500,2895682
C190S,negative control,0.05,-2.966832795,3.45E+04,1.61E+04,16,0,16,0,16,0,16,0
P192I,negative control,0.03,-3.521048278,7.44E+04,7.92E+03,16,0,108.075,35.80864,3259.5,839.4007,73400,7011.776
Q447K,unfavorable,0.02,-4.187184851,8.33E+03,3.45E+03,16,0,16,0,16,0,16,0
V437R,unfavorable,0.01,-4.909590091,5.10E+03,6.68E+03,16,0,16,0,16,0,16,0
